"Name / Clip Identifier","Type","Camera","Clip Name","Look Name","Reel","Clip","TC Start","TC End","Frames","Duration","Create Date","Look Modified Date","Season","Episode","Crew Unit","Shooting Day","Scene","Shot","Take","Flag","Rating","Label","Caption","Location","Int/Ext","Day/Night","FPS","Sensor FPS","Project FPS","Image Width","Image Height","EI/ISO","Shutter Angle","White Balance","Tint","ND","Lens Model","Focal Length","Aperture","Focus Distance","Filter","Camera Tilt","Camera Roll","Distance to Subject","Camera Model","Camera Software Version","QC Remark","Custom 2","Custom 3","Custom 4","Custom 5","Custom 6","Comment","Grading Mode","Output Colorspace","ACES Input Transform","ACES Input TransformID","Reference Gamut Compress","CDL Nodes (SOP)","SAT Nodes","LUT Nodes","LMT Nodes","ACES Output Transform","ACES Output TransformID","ACES Version","Image Source","Absolute Path","Linked Slots","Level Setting"
No Clip Identifier,"Movie","A",,"emb_seb_v1_xx (modified) 4 (modified)","011","C004","10:11:38.18","10:11:56.09","423","18","2022-06-09T00:12:50Z","2022-06-09T00:12:50Z",,,,"SD03","4A","3","1",,"0","No Label",,"HOUSE","INT-EXT","AFTERNOON","24",,,,,"800","172.8°","5600 K",,,,"40 mm","2.8",,"ND 1.2; Diopter 1/2",,,,,,,,,,,,,"Arri CAP Compatible",,,,,"(0.9202 0.9202 0.9202) (0.0118 -0.0018 -0.0167) (0.9151 0.9151 0.9151);(1.0000 1.0000 1.0000) (0.0000 0.0000 0.0000) (1.0000 1.0000 1.0000)","(1.000)","emb_seb_v1_33pt.cube",,,,,"UltraStudio Recorder 3G","/Volumes/SebrGondwana/Projects/EMBERS/DIT/recordings/2022-06-09/Recordings/A011C004.mov",,"Legal Range"
"A012C003","Movie","A",,"emb_seb_v1_xx (modified) 4 (modified)","012","C003","10:16:20.15","10:18:29.02","3083","128","2022-06-09T00:18:29Z","2022-06-09T00:18:29Z",,,,"SD03","4A","3","1",,"0","No Label",,"HOUSE","INT-EXT","AFTERNOON","24",,,,,"400","172.8°","5600 K",,,,"40 mm","2.4",,,,,,,,,,,,,,,"Arri CAP Compatible",,,,,"(0.7971 0.7971 0.7971) (0.0118 -0.0018 -0.0167) (0.9151 0.9151 0.9151);(1.0000 1.0000 1.0000) (0.0000 0.0000 0.0000) (1.0000 1.0000 1.0000)","(1.000)","emb_seb_v1_33pt.cube",,,,,"UltraStudio Recorder 3G","/Volumes/SebrGondwana/Projects/EMBERS/DIT/recordings/2022-06-09/Recordings/A012C003.mov",,"Legal Range"
"A012C003 1","Movie","A",,"emb_seb_v1_xx (modified) 4 (modified)","012","C003","10:22:58.22","10:23:25.05","631","26","2022-06-09T00:23:25Z","2022-06-09T00:23:25Z",,,,"SD03","4A","3","rhr",,"0","No Label",,"HOUSE","INT-EXT","AFTERNOON","24",,,,,"400","172.8°","5600 K",,,,"40 mm","2.4",,,,,,,,,,,,,,,"Arri CAP Compatible",,,,,"(0.7971 0.7971 0.7971) (0.0118 -0.0018 -0.0167) (0.9151 0.9151 0.9151);(1.0000 1.0000 1.0000) (0.0000 0.0000 0.0000) (1.0000 1.0000 1.0000)","(1.000)","emb_seb_v1_33pt.cube",,,,,"UltraStudio Recorder 3G","/Volumes/SebrGondwana/Projects/EMBERS/DIT/recordings/2022-06-09/Recordings/A012C003 1.mov",,"Legal Range"
"A012C003 2","Movie","A",,"emb_seb_v1_xx (modified) 4 (modified)","012","C003","10:26:09.05","10:26:15.13","152","6","2022-06-09T00:26:15Z","2022-06-09T00:26:15Z",,,,"SD03","4A","3","2fr",,"0","No Label",,"HOUSE","INT-EXT","AFTERNOON","24",,,,,"400","172.8°","5600 K",,,,"40 mm","2.4",,,,,,,,,,,,,,,"Arri CAP Compatible",,,,,"(0.8377 0.8377 0.8377) (-0.0066 -0.0201 -0.0350) (0.9138 0.9138 0.9138);(1.0000 1.0000 1.0000) (0.0000 0.0000 0.0000) (1.0000 1.0000 1.0000)","(1.000)","emb_seb_v1_33pt.cube",,,,,"UltraStudio Recorder 3G","/Volumes/SebrGondwana/Projects/EMBERS/DIT/recordings/2022-06-09/Recordings/A012C003 2.mov",,"Legal Range"
"A012C004","Movie","A",,"emb_seb_v1_xx (modified) 4 (modified)","012","C004","10:26:40.06","10:28:01.12","1950","81","2022-06-09T00:28:01Z","2022-06-09T00:28:01Z",,,,"SD03","4A","3","2",,"0","No Label",,"HOUSE","INT-EXT","AFTERNOON","24",,,,,"400","172.8°","5600 K",,,,"40 mm","2.4",,,,,,,,,,,,,,,"Arri CAP Compatible",,,,,"(0.8377 0.8377 0.8377) (-0.0066 -0.0201 -0.0350) (0.9138 0.9138 0.9138);(1.0000 1.0000 1.0000) (0.0000 0.0000 0.0000) (1.0000 1.0000 1.0000)","(1.000)","emb_seb_v1_33pt.cube",,,,,"UltraStudio Recorder 3G","/Volumes/SebrGondwana/Projects/EMBERS/DIT/recordings/2022-06-09/Recordings/A012C004.mov",,"Legal Range"
"A012C004 1","Movie","A",,"emb_seb_v1_xx (modified) 4 (modified)","012","C004","10:29:07.00","10:29:14.09","177","7","2022-06-09T00:29:14Z","2022-06-09T00:29:14Z",,,,"SD03","4A","3","ng",,"0","No Label",,"HOUSE","INT-EXT","AFTERNOON","24",,,,,"400","172.8°","5600 K",,,,"40 mm","2.4",,,,,,,,,,,,,,,"Arri CAP Compatible",,,,,"(0.8377 0.8377 0.8377) (-0.0066 -0.0201 -0.0350) (0.9138 0.9138 0.9138);(1.0000 1.0000 1.0000) (0.0000 0.0000 0.0000) (1.0000 1.0000 1.0000)","(1.000)","emb_seb_v1_33pt.cube",,,,,"UltraStudio Recorder 3G","/Volumes/SebrGondwana/Projects/EMBERS/DIT/recordings/2022-06-09/Recordings/A012C004 1.mov",,"Legal Range"
"A012C006","Movie","A",,"emb_seb_v1_xx (modified) 4 (modified)","012","C006","10:30:45.16","10:32:27.07","2439","102","2022-06-09T00:32:27Z","2022-06-09T00:32:27Z",,,,"SD03","4A","3","3",,"0","No Label",,"HOUSE","INT-EXT","AFTERNOON","24",,,,,"400","172.8°","5600 K",,,,"40 mm","2.4",,,,,,,,,,,,,,,"Arri CAP Compatible",,,,,"(0.8377 0.8377 0.8377) (-0.0066 -0.0201 -0.0350) (0.9149 0.9141 0.9077);(1.0000 1.0000 1.0000) (0.0000 0.0000 0.0000) (1.0000 1.0000 1.0000)","(1.000)","emb_seb_v1_33pt.cube",,,,,"UltraStudio Recorder 3G","/Volumes/SebrGondwana/Projects/EMBERS/DIT/recordings/2022-06-09/Recordings/A012C006.mov",,"Legal Range"
"A012C006 1","Movie","A",,"emb_seb_v1_xx (modified) 4 (modified)","012","C006","10:34:59.20","10:36:47.14","2586","108","2022-06-09T00:36:47Z","2022-06-09T00:36:47Z",,,,"SD03","4A","3","4",,"0","No Label",,"HOUSE","INT-EXT","AFTERNOON","24",,,,,"400","172.8°","5600 K",,,,"40 mm","2.4",,,,,,,,,,,,,,,"Arri CAP Compatible",,,,,"(0.8377 0.8377 0.8377) (-0.0066 -0.0201 -0.0350) (0.9149 0.9141 0.9077);(1.0000 1.0000 1.0000) (0.0000 0.0000 0.0000) (1.0000 1.0000 1.0000)","(1.000)","emb_seb_v1_33pt.cube",,,,,"UltraStudio Recorder 3G","/Volumes/SebrGondwana/Projects/EMBERS/DIT/recordings/2022-06-09/Recordings/A012C006 1.mov",,"Legal Range"
"A013C001","Movie","A",,"emb_seb_v1_xx (modified) 4 (modified)","013","C001","10:46:28.00","10:48:45.21","3309","138","2022-06-09T00:48:46Z","2022-06-09T00:48:46Z",,,,"SD03","4B","3","1",,"0","No Label",,"HOUSE","INT-EXT","AFTERNOON","24",,,,,"400","172.8°","5600 K",,,,"40 mm","2.4",,,,,,,,,,,,,,,"Arri CAP Compatible",,,,,"(0.8377 0.8377 0.8377) (0.0112 -0.0023 -0.0172) (0.9149 0.9141 0.9077);(1.0000 1.0000 1.0000) (0.0000 0.0000 0.0000) (1.0000 1.0000 1.0000)","(1.000)","emb_seb_v1_33pt.cube",,,,,"UltraStudio Recorder 3G","/Volumes/SebrGondwana/Projects/EMBERS/DIT/recordings/2022-06-09/Recordings/A013C001.mov",,"Legal Range"
"A013C001 1","Movie","A",,"emb_seb_v1_xx (modified) 4 (modified)","013","C001","12:04:20.06","12:04:32.10","292","12","2022-06-09T02:04:32Z","2022-06-09T02:04:32Z",,,,"SD03","5A","3","rhr",,"0","No Label",,"HOUSE","INT-EXT","AFTERNOON","24",,,,,"400","172.8°","5600 K",,,,"40 mm","2.4",,,,,,,,,,,,,,,"Arri CAP Compatible",,,,,"(0.7885 0.7885 0.7885) (0.0112 -0.0023 -0.0172) (1.0000 1.0000 1.0000);(1.0000 1.0000 1.0000) (0.0000 0.0000 0.0000) (1.0000 1.0000 1.0000)","(1.000)","emb_seb_v1_33pt.cube",,,,,"UltraStudio Recorder 3G","/Volumes/SebrGondwana/Projects/EMBERS/DIT/recordings/2022-06-09/Recordings/A013C001 1.mov",,"Legal Range"
"A013C001 2","Movie","A",,"emb_seb_v1_xx (modified) 4 (modified)","013","C001","12:05:56.13","12:08:54.04","4263","178","2022-06-09T02:08:54Z","2022-06-09T02:08:54Z",,,,"SD03","5A","3","1",,"0","No Label",,"HOUSE","INT-EXT","AFTERNOON","24",,,,,"400","172.8°","5600 K",,,,"40 mm","2.4",,,,,,,,,,,,,,,"Arri CAP Compatible",,,,,"(0.7974 0.7889 0.7585) (0.0124 -0.0029 -0.0148) (0.9759 0.9759 0.9759);(1.0000 1.0000 1.0000) (0.0000 0.0000 0.0000) (1.0000 1.0000 1.0000)","(1.000)","emb_seb_v1_33pt.cube",,,,,"UltraStudio Recorder 3G","/Volumes/SebrGondwana/Projects/EMBERS/DIT/recordings/2022-06-09/Recordings/A013C001 2.mov",,"Legal Range"
"A013C003","Movie","A",,"emb_seb_v1_xx (modified) 4 (modified)","013","C003","12:13:38.20","12:16:24.23","3987","166","2022-06-09T02:16:25Z","2022-06-09T02:16:25Z",,,,"SD03","5A","3","2",,"0","No Label",,"HOUSE","INT-EXT","AFTERNOON","24",,,,,"400","172.8°","5600 K",,,,"40 mm","2.4",,,,,,,,,,,,,,,"Arri CAP Compatible",,,,,"(0.7786 0.7496 0.7246) (0.0016 -0.0137 -0.0256) (0.9504 0.9388 0.9947);(1.0000 1.0000 1.0000) (0.0000 0.0000 0.0000) (1.0000 1.0000 1.0000)","(1.000)","emb_seb_v1_33pt.cube",,,,,"UltraStudio Recorder 3G","/Volumes/SebrGondwana/Projects/EMBERS/DIT/recordings/2022-06-09/Recordings/A013C003.mov",,"Legal Range"
"A013C003 1","Movie","A",,"emb_seb_v1_xx (modified) 4 (modified)","013","C003","12:19:03.17","12:19:23.03","466","19","2022-06-09T02:19:23Z","2022-06-09T02:19:23Z",,,,"SD03","5A","3","3fr",,"0","No Label",,"HOUSE","INT-EXT","AFTERNOON","24",,,,,"400","172.8°","5600 K",,,,"40 mm","2.4",,,,,,,,,,,,,,,"Arri CAP Compatible",,,,,"(0.7786 0.7496 0.7246) (0.0016 -0.0137 -0.0256) (0.9504 0.9388 0.9947);(1.0000 1.0000 1.0000) (0.0000 0.0000 0.0000) (1.0000 1.0000 1.0000)","(1.000)","emb_seb_v1_33pt.cube",,,,,"UltraStudio Recorder 3G","/Volumes/SebrGondwana/Projects/EMBERS/DIT/recordings/2022-06-09/Recordings/A013C003 1.mov",,"Legal Range"
"A013C003 2","Movie","A",,"emb_seb_v1_xx (modified) 4 (modified)","013","C003","12:19:38.01","12:22:28.18","4097","171","2022-06-09T02:22:29Z","2022-06-09T02:22:29Z",,,,"SD03","5A","3","3",,"0","No Label",,"HOUSE","INT-EXT","AFTERNOON","24",,,,,"400","172.8°","5600 K",,,,"40 mm","2.4",,,,,,,,,,,,,,,"Arri CAP Compatible",,,,,"(0.7786 0.7496 0.7246) (0.0016 -0.0137 -0.0256) (0.9504 0.9388 0.9947);(1.0000 1.0000 1.0000) (0.0000 0.0000 0.0000) (1.0000 1.0000 1.0000)","(1.000)","emb_seb_v1_33pt.cube",,,,,"UltraStudio Recorder 3G","/Volumes/SebrGondwana/Projects/EMBERS/DIT/recordings/2022-06-09/Recordings/A013C003 2.mov",,"Legal Range"
"A013C003 3","Movie","A",,"emb_seb_v1_xx (modified) 4 (modified)","013","C003","12:32:38.14","12:32:44.14","144","6","2022-06-09T02:32:44Z","2022-06-09T02:32:44Z",,,,"SD03","5B","3","rhr",,"0","No Label",,"HOUSE","INT-EXT","AFTERNOON","24",,,,,"400","172.8°","5600 K",,,,"40 mm","2.4",,,,,,,,,,,,,,,"Arri CAP Compatible",,,,,"(0.7786 0.7496 0.7246) (0.0016 -0.0137 -0.0256) (0.9504 0.9388 0.9947);(1.0000 1.0000 1.0000) (0.0000 0.0000 0.0000) (1.0000 1.0000 1.0000)","(1.000)","emb_seb_v1_33pt.cube",,,,,"UltraStudio Recorder 3G","/Volumes/SebrGondwana/Projects/EMBERS/DIT/recordings/2022-06-09/Recordings/A013C003 3.mov",,"Legal Range"
"A013C003 4","Movie","A",,"emb_seb_v1_xx (modified) 4 (modified)","013","C003","12:34:58.05","12:35:08.06","241","10","2022-06-09T02:35:08Z","2022-06-09T02:35:08Z",,,,"SD03","5B","3","rhr",,"0","No Label",,"HOUSE","INT-EXT","AFTERNOON","24",,,,,"400","172.8°","5600 K",,,,"40 mm","2.4",,,,,,,,,,,,,,,"Arri CAP Compatible",,,,,"(0.7786 0.7496 0.7246) (0.0016 -0.0137 -0.0256) (0.9504 0.9388 0.9947);(1.0000 1.0000 1.0000) (0.0000 0.0000 0.0000) (1.0000 1.0000 1.0000)","(1.000)","emb_seb_v1_33pt.cube",,,,,"UltraStudio Recorder 3G","/Volumes/SebrGondwana/Projects/EMBERS/DIT/recordings/2022-06-09/Recordings/A013C003 4.mov",,"Legal Range"
"A013C003 5","Movie","A",,"rrr","013","C003","12:35:54.06","12:41:06.14","7496","312","2022-06-09T02:41:06Z","2022-06-09T02:41:06Z",,,,"SD03","5B","3","1",,"0","No Label",,"HOUSE","INT-EXT","AFTERNOON","24",,,,,"400","172.8°","5600 K",,,,"40 mm","2.4",,,,,,,,,,,,,,,"Arri CAP Compatible",,,,,"(0.7786 0.7496 0.7246) (0.0016 -0.0137 -0.0256) (0.9504 0.9388 0.9947);(1.0000 1.0000 1.0000) (0.0000 0.0000 0.0000) (1.0000 1.0000 1.0000)","(1.000)","emb_seb_v1_33pt.cube",,,,,"UltraStudio Recorder 3G","/Volumes/SebrGondwana/Projects/EMBERS/DIT/recordings/2022-06-09/Recordings/A013C003 5.mov",,"Legal Range"
"A014C002","Movie","A",,"rrr (modified)","014","C002","12:52:44.09","12:55:57.10","4633","193","2022-06-09T02:55:57Z","2022-06-09T02:55:57Z",,,,"SD03","5C","3","1",,"0","No Label",,"HOUSE","INT-EXT","AFTERNOON","24",,,,,"400","172.8°","5600 K",,,,"40 mm","2.4",,,,,,,,,,,,,,,"Arri CAP Compatible",,,,,"(0.7786 0.7496 0.7246) (0.0049 -0.0145 -0.0276) (0.9504 0.9388 0.9947);(1.0000 1.0000 1.0000) (0.0000 0.0000 0.0000) (1.0000 1.0000 1.0000)","(1.000)","emb_seb_v1_33pt.cube",,,,,"UltraStudio Recorder 3G","/Volumes/SebrGondwana/Projects/EMBERS/DIT/recordings/2022-06-09/Recordings/A014C002.mov",,"Legal Range"
"A014C002 1","Movie","A",,"rrr (modified)","014","C002","13:04:09.23","13:04:58.10","1163","48","2022-06-09T03:04:58Z","2022-06-09T03:04:58Z",,,,"SD03","5D","3","rhr",,"0","No Label",,"HOUSE","INT-EXT","AFTERNOON","24",,,,,"400","172.8°","5600 K",,,,"40 mm","2.4",,,,,,,,,,,,,,,"Arri CAP Compatible",,,,,"(0.7606 0.7316 0.7067) (0.0049 -0.0045 -0.0276) (0.9504 0.9388 0.9947);(1.0000 1.0000 1.0000) (0.0000 0.0000 0.0000) (1.0000 1.0000 1.0000)","(1.000)","emb_seb_v1_33pt.cube",,,,,"UltraStudio Recorder 3G","/Volumes/SebrGondwana/Projects/EMBERS/DIT/recordings/2022-06-09/Recordings/A014C002 1.mov",,"Legal Range"
"A014C002","Movie","A",,"rrr (modified)","014","C002","13:08:30.10","13:08:53.21","563","23","2022-06-09T03:08:54Z","2022-06-09T03:08:54Z",,,,"SD03","5D","3","1",,"0","No Label",,"HOUSE","INT-EXT","AFTERNOON","24",,,,,"400","172.8°","5600 K",,,,"40 mm","2.4",,,,,,,,,,,,,,,"Arri CAP Compatible",,,,,"(0.7606 0.7316 0.7067) (0.0023 -0.0071 -0.0302) (1.0915 1.0799 1.1358);(1.0000 1.0000 1.0000) (0.0000 0.0000 0.0000) (1.0000 1.0000 1.0000)","(1.000)","emb_seb_v1_33pt.cube",,,,,"UltraStudio Recorder 3G","/Volumes/SebrGondwana/Projects/EMBERS/DIT/recordings/2022-06-09/Recordings/A014C002 2.mov",,"Legal Range"
"A014C003","Movie","A",,"rrr (modified)","014","C002","13:09:17.13","13:09:41.10","573","24","2022-06-09T03:09:41Z","2022-06-09T03:09:41Z",,,,"SD03","5D","3","2",,"0","No Label",,"HOUSE","INT-EXT","AFTERNOON","24",,,,,"400","172.8°","5600 K",,,,"40 mm","2.4",,,,,,,,,,,,,,,"Arri CAP Compatible",,,,,"(0.7606 0.7316 0.7067) (0.0023 -0.0071 -0.0302) (1.0915 1.0799 1.1358);(1.0000 1.0000 1.0000) (0.0000 0.0000 0.0000) (1.0000 1.0000 1.0000)","(1.000)","emb_seb_v1_33pt.cube",,,,,"UltraStudio Recorder 3G","/Volumes/SebrGondwana/Projects/EMBERS/DIT/recordings/2022-06-09/Recordings/A014C002 3.mov",,"Legal Range"
"A014C002 2","Movie","A",,"rrr (modified)","014","C002","13:13:16.07","13:14:46.13","2166","90","2022-06-09T03:14:46Z","2022-06-09T03:14:46Z",,,,"SD03","5E","3","1",,"0","No Label",,"HOUSE","INT-EXT","AFTERNOON","24",,,,,"400","172.8°","5600 K",,,,"40 mm","2.4",,,,,,,,,,,,,,,"Arri CAP Compatible",,,,,"(0.7606 0.7316 0.7067) (0.0023 -0.0071 -0.0302) (1.0915 1.0799 1.1358);(1.0000 1.0000 1.0000) (0.0000 0.0000 0.0000) (1.0000 1.0000 1.0000)","(1.000)","emb_seb_v1_33pt.cube",,,,,"UltraStudio Recorder 3G","/Volumes/SebrGondwana/Projects/EMBERS/DIT/recordings/2022-06-09/Recordings/A014C002 2 1.mov",,"Legal Range"
"A014C006","Movie","A",,"rrr (modified)","014","C006","13:18:27.18","13:19:39.05","1715","71","2022-06-09T03:19:39Z","2022-06-09T03:19:39Z",,,,"SD03","5F","3","1",,"0","No Label",,"HOUSE","INT","AFTERNOON","24",,,,,"400","172.8°","5600 K",,,,"40 mm","2.4",,,,,,,,,,,,,,,"Arri CAP Compatible",,,,,"(0.7606 0.7316 0.7067) (0.0023 -0.0071 -0.0302) (1.0915 1.0799 1.1358);(1.0000 1.0000 1.0000) (0.0000 0.0000 0.0000) (1.0000 1.0000 1.0000)","(1.000)","emb_seb_v1_33pt.cube",,,,,"UltraStudio Recorder 3G","/Volumes/SebrGondwana/Projects/EMBERS/DIT/recordings/2022-06-09/Recordings/A014C006.mov",,"Legal Range"
"A014C006 1","Movie","A",,"rrr (modified)","014","C006","13:20:26.20","13:21:23.14","1362","57","2022-06-09T03:21:23Z","2022-06-09T03:21:23Z",,,,"SD03","5F","3","2",,"0","No Label",,"HOUSE","INT","AFTERNOON","24",,,,,"400","172.8°","5600 K",,,,"40 mm","2.4",,,,,,,,,,,,,,,"Arri CAP Compatible",,,,,"(0.7606 0.7316 0.7067) (0.0023 -0.0071 -0.0302) (1.0915 1.0799 1.1358);(1.0000 1.0000 1.0000) (0.0000 0.0000 0.0000) (1.0000 1.0000 1.0000)","(1.000)","emb_seb_v1_33pt.cube",,,,,"UltraStudio Recorder 3G","/Volumes/SebrGondwana/Projects/EMBERS/DIT/recordings/2022-06-09/Recordings/A014C006 1.mov",,"Legal Range"
"A015C001","Movie","A",,"rrr (modified)","015","C001","14:44:44.17","14:45:39.01","1304","54","2022-06-09T04:45:39Z","2022-06-09T04:45:39Z",,,,"SD03","5G","3","1",,"0","No Label",,"HOUSE","INT","AFTERNOON","24",,,,,"400","172.8°","5600 K",,,,"40 mm","2.4",,,,,,,,,,,,,,,"Arri CAP Compatible",,,,,"(0.7587 0.7297 0.7048) (0.0091 -0.0003 -0.0234) (0.9093 0.8978 0.9536);(1.0000 1.0000 1.0000) (0.0000 0.0000 0.0000) (1.0000 1.0000 1.0000)","(1.000)","emb_seb_v1_33pt.cube",,,,,"UltraStudio Recorder 3G","/Volumes/SebrGondwana/Projects/EMBERS/DIT/recordings/2022-06-09/Recordings/A015C001.mov",,"Legal Range"
"A015C002","Movie","A",,"rrr (modified)","015","C002","14:47:58.09","14:49:25.00","2079","87","2022-06-09T04:49:25Z","2022-06-09T04:49:25Z",,,,"SD03","5G","3","2",,"0","No Label",,"HOUSE","INT","AFTERNOON","24",,,,,"400","172.8°","5600 K",,,,"40 mm","2.4",,,,,,,,,,,,,,,"Arri CAP Compatible",,,,,"(0.7587 0.7297 0.7048) (0.0091 -0.0003 -0.0234) (0.9093 0.8978 0.9536);(1.0000 1.0000 1.0000) (0.0000 0.0000 0.0000) (1.0000 1.0000 1.0000)","(1.000)","emb_seb_v1_33pt.cube",,,,,"UltraStudio Recorder 3G","/Volumes/SebrGondwana/Projects/EMBERS/DIT/recordings/2022-06-09/Recordings/A015C002.mov",,"Legal Range"
"A015C003","Movie","A",,"rrr (modified)","015","C002","14:50:47.09","14:53:23.01","3736","156","2022-06-09T04:53:23Z","2022-06-09T04:53:23Z",,,,"SD03","5G","3","3",,"0","No Label",,"HOUSE","INT","AFTERNOON","24",,,,,"400","172.8°","5600 K",,,,"40 mm","2.4",,,,,,,,,,,,,,,"Arri CAP Compatible",,,,,"(0.7587 0.7297 0.7048) (0.0091 -0.0003 -0.0234) (0.9093 0.8978 0.9536);(1.0000 1.0000 1.0000) (0.0000 0.0000 0.0000) (1.0000 1.0000 1.0000)","(1.000)","emb_seb_v1_33pt.cube",,,,,"UltraStudio Recorder 3G","/Volumes/SebrGondwana/Projects/EMBERS/DIT/recordings/2022-06-09/Recordings/A015C002 1.mov",,"Legal Range"
"A015C004","Movie","A",,"rrr (modified)","015","C004","14:54:31.14","14:56:01.23","2169","90","2022-06-09T04:56:02Z","2022-06-09T04:56:02Z",,,,"SD03","5G","3","4",,"0","No Label",,"HOUSE","INT","AFTERNOON","24",,,,,"400","172.8°","5600 K",,,,"40 mm","2.4",,,,,,,,,,,,,,,"Arri CAP Compatible",,,,,"(0.7587 0.7297 0.7048) (0.0091 -0.0003 -0.0234) (0.9093 0.8978 0.9536);(1.0000 1.0000 1.0000) (0.0000 0.0000 0.0000) (1.0000 1.0000 1.0000)","(1.000)","emb_seb_v1_33pt.cube",,,,,"UltraStudio Recorder 3G","/Volumes/SebrGondwana/Projects/EMBERS/DIT/recordings/2022-06-09/Recordings/A015C004.mov",,"Legal Range"
"A015C005","Movie","A",,"rrr (modified)","015","C005","15:05:33.11","15:06:43.07","1676","70","2022-06-09T05:06:43Z","2022-06-09T05:06:43Z",,,,"SD03","5G","3","5",,"0","No Label",,"HOUSE","INT","AFTERNOON","24",,,,,"400","172.8°","5600 K",,,,"40 mm","2.4",,,,,,,,,,,,,,,"Arri CAP Compatible",,,,,"(0.7513 0.7223 0.6974) (0.0127 0.0034 -0.0197) (1.0272 1.0156 1.0715);(1.0000 1.0000 1.0000) (0.0000 0.0000 0.0000) (1.0000 1.0000 1.0000)","(1.000)","emb_seb_v1_33pt.cube",,,,,"UltraStudio Recorder 3G","/Volumes/SebrGondwana/Projects/EMBERS/DIT/recordings/2022-06-09/Recordings/A015C005.mov",,"Legal Range"
"A015C005 1","Movie","A",,"rrr (modified)","015","C005","15:19:43.15","15:19:55.09","282","12","2022-06-09T05:19:55Z","2022-06-09T05:19:55Z",,,,"SD03","5H","3","1",,"0","No Label",,"HOUSE","INT","AFTERNOON","24",,,,,"400","172.8°","5600 K",,,,"40 mm","2.8",,"ND0.6 + 0.3",,,,,,,,,,,,,"Arri CAP Compatible",,,,,"(0.7074 0.6785 0.6535) (0.0127 0.0034 -0.0197) (1.1171 1.1055 1.1614);(1.0000 1.0000 1.0000) (0.0000 0.0000 0.0000) (1.0000 1.0000 1.0000)","(1.000)","emb_seb_v1_33pt.cube",,,,,"UltraStudio Recorder 3G","/Volumes/SebrGondwana/Projects/EMBERS/DIT/recordings/2022-06-09/Recordings/A015C005 1.mov",,"Legal Range"
"A016C001","Movie","A",,"rrr (modified)","016","C001","15:19:57.16","15:20:33.16","864","36","2022-06-09T05:20:33Z","2022-06-09T05:20:33Z",,,,"SD03","5H","3","1pt2",,"0","No Label",,"HOUSE","INT","AFTERNOON","24",,,,,"400","172.8°","5600 K",,,,"40 mm","2.8",,"ND0.6 + 0.3",,,,,,,,,,,,,"Arri CAP Compatible",,,,,"(0.7074 0.6785 0.6535) (0.0127 0.0034 -0.0197) (1.1171 1.1055 1.1614);(1.0000 1.0000 1.0000) (0.0000 0.0000 0.0000) (1.0000 1.0000 1.0000)","(1.000)","emb_seb_v1_33pt.cube",,,,,"UltraStudio Recorder 3G","/Volumes/SebrGondwana/Projects/EMBERS/DIT/recordings/2022-06-09/Recordings/A016C001.mov",,"Legal Range"
"A016C002","Movie","A",,"rrr (modified)","016","C002","15:21:09.12","15:21:58.11","1175","49","2022-06-09T05:21:58Z","2022-06-09T05:21:58Z",,,,"SD03","5H","3","2",,"0","No Label",,"HOUSE","INT","AFTERNOON","24",,,,,"400","172.8°","5600 K",,,,"40 mm","2.8",,"ND0.6 + 0.3",,,,,,,,,,,,,"Arri CAP Compatible",,,,,"(0.7074 0.6785 0.6535) (0.0127 0.0034 -0.0197) (1.1171 1.1055 1.1614);(1.0000 1.0000 1.0000) (0.0000 0.0000 0.0000) (1.0000 1.0000 1.0000)","(1.000)","emb_seb_v1_33pt.cube",,,,,"UltraStudio Recorder 3G","/Volumes/SebrGondwana/Projects/EMBERS/DIT/recordings/2022-06-09/Recordings/A016C002.mov",,"Legal Range"
"A016C003","Movie","A",,"rrr (modified)","016","C003","15:54:48.22","15:57:12.21","3455","144","2022-06-09T05:57:12Z","2022-06-09T05:57:12Z",,,,"SD03","7A","3","rhr",,"0","No Label",,"HOUSE","INT","AFTERNOON","24",,,,,"800","172.8°","5600 K",,,,"40 mm","2.8",,,,,,,,,,,,,,,"Arri CAP Compatible",,,,,"(0.7589 0.7299 0.7050) (0.0091 -0.0003 -0.0234) (1.0051 0.9935 1.0494);(1.0000 1.0000 1.0000) (0.0000 0.0000 0.0000) (1.0000 1.0000 1.0000)","(1.000)","emb_seb_v1_33pt.cube",,,,,"UltraStudio Recorder 3G","/Volumes/SebrGondwana/Projects/EMBERS/DIT/recordings/2022-06-09/Recordings/A016C003.mov",,"Legal Range"
"A016C003 1","Movie","A",,"rr (modified)","016","C003","16:09:47.13","16:09:57.17","244","10","2022-06-09T06:09:57Z","2022-06-09T06:09:57Z",,,,"SD03","7A","3","rhr",,"0","No Label",,"HOUSE","INT","AFTERNOON","24",,,,,"800","172.8°","5600 K",,,,"40 mm","2.8",,,,,,,,,,,,,,,"Arri CAP Compatible",,,,,"(0.8133 0.7844 0.7594) (0.0091 -0.0003 -0.0234) (1.0051 0.9935 1.0494);(1.0000 1.0000 1.0000) (0.0000 0.0000 0.0000) (1.0000 1.0000 1.0000)","(1.000)","emb_seb_v1_33pt.cube",,,,,"UltraStudio Recorder 3G","/Volumes/SebrGondwana/Projects/EMBERS/DIT/recordings/2022-06-09/Recordings/A016C003 1.mov",,"Legal Range"
"A016C004","Movie","A",,"rr (modified)","016","C004","16:13:49.21","16:16:01.18","3165","132","2022-06-09T06:16:01Z","2022-06-09T06:16:01Z",,,,"SD03","7A","3","1",,"0","No Label",,"HOUSE","INT","AFTERNOON","24",,,,,"800","172.8°","5600 K",,,,"40 mm","2.8",,,,,,,,,,,,,,,"Arri CAP Compatible",,,,,"(0.8133 0.7844 0.7594) (0.0091 -0.0003 -0.0234) (1.0051 0.9935 1.0494);(1.0000 1.0000 1.0000) (0.0000 0.0000 0.0000) (1.0000 1.0000 1.0000)","(1.000)","emb_seb_v1_33pt.cube",,,,,"UltraStudio Recorder 3G","/Volumes/SebrGondwana/Projects/EMBERS/DIT/recordings/2022-06-09/Recordings/A016C004.mov",,"Legal Range"
"A016C004 1","Movie","A",,"rr (modified)","016","C004","16:19:33.19","16:19:58.19","600","25","2022-06-09T06:19:58Z","2022-06-09T06:19:58Z",,,,"SD03","7A","3","2",,"0","No Label",,"HOUSE","INT","AFTERNOON","24",,,,,"800","172.8°","5600 K",,,,"40 mm","2.8",,,,,,,,,,,,,,,"Arri CAP Compatible",,,,,"(0.8133 0.7844 0.7594) (0.0091 -0.0003 -0.0234) (1.0051 0.9935 1.0494);(1.0000 1.0000 1.0000) (0.0000 0.0000 0.0000) (1.0000 1.0000 1.0000)","(1.000)","emb_seb_v1_33pt.cube",,,,,"UltraStudio Recorder 3G","/Volumes/SebrGondwana/Projects/EMBERS/DIT/recordings/2022-06-09/Recordings/A016C004 1.mov",,"Legal Range"
"A016C004 2","Movie","A",,"rr (modified)","016","C004","16:20:12.03","16:20:34.14","539","22","2022-06-09T06:20:34Z","2022-06-09T06:20:34Z",,,,"SD03","7A","3","3",,"0","No Label",,"HOUSE","INT","AFTERNOON","24",,,,,"800","172.8°","5600 K",,,,"40 mm","2.8",,,,,,,,,,,,,,,"Arri CAP Compatible",,,,,"(0.8133 0.7844 0.7594) (0.0091 -0.0003 -0.0234) (1.0051 0.9935 1.0494);(1.0000 1.0000 1.0000) (0.0000 0.0000 0.0000) (1.0000 1.0000 1.0000)","(1.000)","emb_seb_v1_33pt.cube",,,,,"UltraStudio Recorder 3G","/Volumes/SebrGondwana/Projects/EMBERS/DIT/recordings/2022-06-09/Recordings/A016C004 2.mov",,"Legal Range"
"A016C007","Movie","A",,"rr (modified)","016","C007","16:22:20.14","16:24:10.22","2648","110","2022-06-09T06:24:10Z","2022-06-09T06:24:10Z",,,,"SD03","7A","3","4",,"0","No Label",,"HOUSE","INT","AFTERNOON","24",,,,,"800","172.8°","5600 K",,,,"40 mm","2.8",,,,,,,,,,,,,,,"Arri CAP Compatible",,,,,"(0.8133 0.7844 0.7594) (0.0091 -0.0003 -0.0234) (1.0051 0.9935 1.0494);(1.0000 1.0000 1.0000) (0.0000 0.0000 0.0000) (1.0000 1.0000 1.0000)","(1.000)","emb_seb_v1_33pt.cube",,,,,"UltraStudio Recorder 3G","/Volumes/SebrGondwana/Projects/EMBERS/DIT/recordings/2022-06-09/Recordings/A016C007.mov",,"Legal Range"
"A016C008","Movie","A",,"rr (modified)","016","C008","16:42:13.15","16:44:12.03","2844","118","2022-06-09T06:44:12Z","2022-06-09T06:44:12Z",,,,"SD03","7B","3","1",,"0","No Label",,"HOUSE","INT","AFTERNOON","24",,,,,"800","172.8°","5600 K",,,,"40 mm","2.8",,,,,,,,,,,,,,,"Arri CAP Compatible",,,,,"(0.7460 0.7170 0.6920) (0.0091 -0.0003 -0.0234) (1.0051 0.9935 1.0494);(1.0000 1.0000 1.0000) (0.0000 0.0000 0.0000) (1.0000 1.0000 1.0000)","(1.000)","emb_seb_v1_33pt.cube",,,,,"UltraStudio Recorder 3G","/Volumes/SebrGondwana/Projects/EMBERS/DIT/recordings/2022-06-09/Recordings/A016C008.mov",,"Legal Range"
"A016C009","Movie","A",,"rr (modified)","016","C009","16:46:24.10","16:49:49.02","4912","205","2022-06-09T06:49:49Z","2022-06-09T06:49:49Z",,,,"SD03","7B","3","2",,"0","No Label",,"HOUSE","INT","AFTERNOON","24",,,,,"800","172.8°","5600 K",,,,"40 mm","2.8",,,,,,,,,,,,,,,"Arri CAP Compatible",,,,,"(0.7460 0.7170 0.6920) (0.0091 -0.0003 -0.0234) (1.0051 0.9935 1.0494);(1.0000 1.0000 1.0000) (0.0000 0.0000 0.0000) (1.0000 1.0000 1.0000)","(1.000)","emb_seb_v1_33pt.cube",,,,,"UltraStudio Recorder 3G","/Volumes/SebrGondwana/Projects/EMBERS/DIT/recordings/2022-06-09/Recordings/A016C009.mov",,"Legal Range"
"A017C001","Movie","A",,"rr (modified)","016","C009","16:51:31.03","16:53:59.08","3557","148","2022-06-09T06:53:59Z","2022-06-09T06:53:59Z",,,,"SD03","7B","3","3",,"0","No Label",,"HOUSE","INT","AFTERNOON","24",,,,,"800","172.8°","5600 K",,,,"40 mm","2.8",,,,,,,,,,,,,,,"Arri CAP Compatible",,,,,"(0.7460 0.7170 0.6920) (0.0091 -0.0003 -0.0234) (1.0051 0.9935 1.0494);(1.0000 1.0000 1.0000) (0.0000 0.0000 0.0000) (1.0000 1.0000 1.0000)","(1.000)","emb_seb_v1_33pt.cube",,,,,"UltraStudio Recorder 3G","/Volumes/SebrGondwana/Projects/EMBERS/DIT/recordings/2022-06-09/Recordings/A016C009 1.mov",,"Legal Range"
"A017C002","Still","A",,"rr (modified)","017","C002","17:00:43.18",,,,"2022-06-09T07:00:43Z","2022-06-09T07:00:43Z",,,,"SD03","7C","3","1",,"0","No Label",,"HOUSE","INT","AFTERNOON","24",,,,,"800","172.8°","5600 K",,,,"40 mm","2.8",,,,,,,,,,,,,,,"Arri CAP Compatible",,,,,"(0.8017 0.7727 0.7477) (-0.0188 -0.0282 -0.0513) (1.0051 0.9935 1.0494);(1.0000 1.0000 1.0000) (0.0000 0.0000 0.0000) (1.0000 1.0000 1.0000)","(1.000)","emb_seb_v1_33pt.cube",,,,,"UltraStudio Recorder 3G","/Volumes/SebrGondwana/Projects/EMBERS/DIT/recordings/2022-06-09/StillImages/UltraStudio Recorder 3G 1.tiff",,"Legal Range"
"A017C002 1","Movie","A",,"rr (modified)","017","C002","17:02:40.04","17:04:47.22","3066","128","2022-06-09T07:04:47Z","2022-06-09T07:04:47Z",,,,"SD03","7C","3","1",,"0","No Label",,"HOUSE","INT","AFTERNOON","24",,,,,"800","172.8°","5600 K",,,,"40 mm","2.8",,,,,,,,,,,,,,,"Arri CAP Compatible",,,,,"(0.8017 0.7727 0.7477) (-0.0188 -0.0282 -0.0513) (1.0051 0.9935 1.0494);(1.0000 1.0000 1.0000) (0.0000 0.0000 0.0000) (1.0000 1.0000 1.0000)","(1.000)","emb_seb_v1_33pt.cube",,,,,"UltraStudio Recorder 3G","/Volumes/SebrGondwana/Projects/EMBERS/DIT/recordings/2022-06-09/Recordings/A017C002 1.mov",,"Legal Range"
"A017C002 2","Movie","A",,"rr (modified)","017","C002","17:04:49.13","17:05:59.16","1683","70","2022-06-09T07:05:59Z","2022-06-09T07:05:59Z",,,,"SD03","7C","3","1",,"0","No Label",,"HOUSE","INT","AFTERNOON","24",,,,,"800","172.8°","5600 K",,,,"40 mm","2.8",,,,,,,,,,,,,,,"Arri CAP Compatible",,,,,"(0.8017 0.7727 0.7477) (-0.0188 -0.0282 -0.0513) (1.0051 0.9935 1.0494);(1.0000 1.0000 1.0000) (0.0000 0.0000 0.0000) (1.0000 1.0000 1.0000)","(1.000)","emb_seb_v1_33pt.cube",,,,,"UltraStudio Recorder 3G","/Volumes/SebrGondwana/Projects/EMBERS/DIT/recordings/2022-06-09/Recordings/A017C002 2.mov",,"Legal Range"
"A017C002 3","Still","A",,"rr (modified)","017","C002","17:14:17.06",,,,"2022-06-09T07:14:17Z","2022-06-09T07:14:17Z",,,,"SD03","7D","3","rhr",,"0","No Label",,"HOUSE","INT","AFTERNOON","24",,,,,"800","172.8°","5600 K",,,,"40 mm","2.8",,,,,,,,,,,,,,,"Arri CAP Compatible",,,,,"(0.8017 0.7727 0.7477) (-0.0188 -0.0282 -0.0513) (1.0051 0.9935 1.0494);(1.0000 1.0000 1.0000) (0.0000 0.0000 0.0000) (1.0000 1.0000 1.0000)","(1.000)","emb_seb_v1_33pt.cube",,,,,"UltraStudio Recorder 3G","/Volumes/SebrGondwana/Projects/EMBERS/DIT/recordings/2022-06-09/StillImages/UltraStudio Recorder 3G 2.tiff",,"Legal Range"
"A017C003","Movie","A",,"rr (modified)","017","C003","17:19:58.11","17:20:42.01","1046","44","2022-06-09T07:20:42Z","2022-06-09T07:20:42Z",,,,"SD03","7D","3","1",,"0","No Label",,"HOUSE","INT","AFTERNOON","24",,,,,"800","172.8°","5600 K",,,,"40 mm","2.8",,,,,,,,,,,,,,,"Arri CAP Compatible",,,,,"(0.8017 0.7727 0.7477) (-0.0188 -0.0282 -0.0513) (1.0051 0.9935 1.0494);(1.0000 1.0000 1.0000) (0.0000 0.0000 0.0000) (1.0000 1.0000 1.0000)","(1.000)","emb_seb_v1_33pt.cube",,,,,"UltraStudio Recorder 3G","/Volumes/SebrGondwana/Projects/EMBERS/DIT/recordings/2022-06-09/Recordings/A017C003.mov",,"Legal Range"
"A017C004","Movie","A",,"rr (modified)","017","C004","17:20:57.23","17:22:27.15","2152","90","2022-06-09T07:22:27Z","2022-06-09T07:22:27Z",,,,"SD03","7D","3","2",,"0","No Label",,"HOUSE","INT","AFTERNOON","24",,,,,"400","172.8°","5600 K",,,,"40 mm","2.8",,,,,,,,,,,,,,,"Arri CAP Compatible",,,,,"(0.8017 0.7727 0.7477) (-0.0188 -0.0282 -0.0513) (1.0051 0.9935 1.0494);(1.0000 1.0000 1.0000) (0.0000 0.0000 0.0000) (1.0000 1.0000 1.0000)","(1.000)","emb_seb_v1_33pt.cube",,,,,"UltraStudio Recorder 3G","/Volumes/SebrGondwana/Projects/EMBERS/DIT/recordings/2022-06-09/Recordings/A017C004.mov",,"Legal Range"
"A018C001","Movie","A",,"rr (modified)","018","C001","17:32:23.00","17:33:21.03","1395","58","2022-06-09T07:33:21Z","2022-06-09T07:33:21Z",,,,"SD03","7E","3","1",,"0","No Label",,"HOUSE","INT","AFTERNOON","24",,,,,"400","172.8°","5600 K",,,,"40 mm","2.8",,,,,,,,,,,,,,,"Arri CAP Compatible",,,,,"(0.7512 0.7223 0.6973) (-0.0188 -0.0282 -0.0513) (1.0051 0.9935 1.0494);(1.0000 1.0000 1.0000) (0.0000 0.0000 0.0000) (1.0000 1.0000 1.0000)","(1.000)","emb_seb_v1_33pt.cube",,,,,"UltraStudio Recorder 3G","/Volumes/SebrGondwana/Projects/EMBERS/DIT/recordings/2022-06-09/Recordings/A018C001.mov",,"Legal Range"
"A018C002","Movie","A",,"rr (modified)","018","C002","17:36:21.08","17:37:06.18","1090","45","2022-06-09T07:37:06Z","2022-06-09T07:37:06Z",,,,"SD03","7","7E","2",,"0","No Label",,"HOUSE","INT","AFTERNOON","24",,,,,"400","172.8°","5600 K",,,,"40 mm","2.8",,,,,,,,,,,,,,,"Arri CAP Compatible",,,,,"(0.7512 0.7223 0.6973) (-0.0188 -0.0282 -0.0513) (1.0051 0.9935 1.0494);(1.0000 1.0000 1.0000) (0.0000 0.0000 0.0000) (1.0000 1.0000 1.0000)","(1.000)","emb_seb_v1_33pt.cube",,,,,"UltraStudio Recorder 3G","/Volumes/SebrGondwana/Projects/EMBERS/DIT/recordings/2022-06-09/Recordings/A018C002.mov",,"Legal Range"
"test cdl combined","Look","A",,"New Look 1","021","C003",,,,,"2022-06-18T21:48:22Z","2022-06-18T21:48:22Z",,,,"SD03","7E","3","2",,"0","No Label",,"HOUSE","INT","AFTERNOON",,,,,,"400","172.8°","5600 K",,,,"40 mm","2.8",,,,,,,,,,,,,,,"CDL and LUT",,,,,"(1.0000 1.0000 1.0000) (0.0000 0.0000 0.0000) (1.0000 1.0000 1.0000)","(1.000)",,,,,,"UltraStudio Recorder 3G",,,"Legal Range"
"test cdl combined actual combined","Look","A",,"New Look 1 (modified)","021","C003",,,,,"2022-06-18T21:51:05Z","2022-06-18T21:51:05Z",,,,"SD03","7E","3","2",,"0","No Label",,"HOUSE","INT","AFTERNOON",,,,,,"400","172.8°","5600 K",,,,"40 mm","2.8",,,,,,,,,,,,,,,"CDL Advanced",,,,,"(1.0904 0.9810 0.9222) (0.0734 0.0000 -0.0558) (0.9135 1.0170 1.0867);(0.9610 1.0044 1.0713) (-0.0159 0.0077 -0.0295) (0.9674 1.0155 0.9422)","(1.000)",,,,,,"UltraStudio Recorder 3G",,,"Legal Range"
"cdl3+4","Look","A",,"New Look 1 (modified)","021","C003",,,,,"2022-06-18T22:53:53Z","2022-06-18T22:53:53Z",,,,"SD03","7E","3","2",,"0","No Label",,"HOUSE","INT","AFTERNOON",,,,,,"400","172.8°","5600 K",,,,"40 mm","2.8",,,,,,,,,,,,,,,"CDL Advanced",,,,,"(0.7971 0.7971 0.7971) (0.0118 -0.0018 -0.0167) (0.9151 0.9151 0.9151);(1.0479 0.9853 0.9879) (0.0575 0.0077 -0.0853) (0.8837 1.0328 1.0238)","(1.000)",,,,,,"UltraStudio Recorder 3G",,,"Legal Range"
